model,feature_subset,hyperparameters,hyperparameter_search_type,cv_total_time,cv_iters,cv_time_per_iter,training_time,avg_training_score
svm_poly,manual,"{'preprocessing__cat__oh__min_frequency': 0.0018707496062876693, 'regression__C': 32.75143592003466, 'regression__degree': 4, 'regression__epsilon': 0.030225289960459558, 'regression__tol': 0.07982332010050937}",randomized,48.84676384925842,100,0.48846763849258423,2.4611942768096924,89.36720565282685
svm_poly,filter,"{'preprocessing__cat__oh__min_frequency': 0.009575646039461672, 'regression__C': 125.99675650593994, 'regression__degree': 3, 'regression__epsilon': 0.039615163101872804, 'regression__tol': 1.239282586857856e-07}",randomized,54.5289785861969,100,0.545289785861969,3.5780694484710693,91.46895941664454
svm_poly,wrapper,"{'preprocessing__cat__oh__min_frequency': 0.111760928803773, 'regression__C': 320.22110978080485, 'regression__degree': 2, 'regression__epsilon': 0.4492964526533543, 'regression__tol': 0.0010395606146803064}",randomized,56.0568106174469,100,0.560568106174469,2.032531976699829,103.23746378648909
svm_poly,no_selection,"{'preprocessing__cat__oh__min_frequency': 0.111760928803773, 'regression__C': 320.22110978080485, 'regression__degree': 2, 'regression__epsilon': 0.4492964526533543, 'regression__tol': 0.0010395606146803064}",randomized,644.3820505142212,100,6.443820505142212,5.810599088668823,101.4302023212575
