model,feature_subset,hyperparameters,hyperparameter_search_type,cv_total_time,cv_iters,cv_time_per_iter,training_time,avg_training_score
svm_sigmoid,manual,"{'preprocessing__cat__oh__min_frequency': 0.02969275048082812, 'regression__C': 1.4982252118587012, 'regression__epsilon': 0.3582545677649474, 'regression__tol': 0.0001225375937095268}",randomized,68.20164012908936,100,0.6820164012908936,2.5738353729248047,98.52864570703784
svm_sigmoid,filter,"{'preprocessing__cat__oh__min_frequency': 0.02969275048082812, 'regression__C': 1.4982252118587012, 'regression__epsilon': 0.3582545677649474, 'regression__tol': 0.0001225375937095268}",randomized,60.86087465286255,100,0.6086087465286255,3.0932424068450928,101.56179050963154
svm_sigmoid,wrapper,"{'preprocessing__cat__oh__min_frequency': 0.0891581915160942, 'regression__C': 0.7438023143667432, 'regression__epsilon': 0.15286230440851686, 'regression__tol': 6.159634101459918e-05}",randomized,57.571099519729614,100,0.5757109951972962,2.0827889442443848,116.62494763415361
svm_sigmoid,no_selection,"{'preprocessing__cat__oh__min_frequency': 0.09373616756233384, 'regression__C': 1.8361348964589068, 'regression__epsilon': 0.00551310824477544, 'regression__tol': 3.0599338431145406e-07}",randomized,686.9058706760406,100,6.8690587067604065,7.009771823883057,114.56071608568432
