model,feature_subset,hyperparameters,hyperparameter_search_type,cv_total_time,cv_iters,cv_time_per_iter,training_time,avg_training_score
svm_rbf,manual,"{'preprocessing__cat__oh__min_frequency': 0.005067687245650943, 'regression__C': 71.0411544538531, 'regression__epsilon': 0.26633253593242695, 'regression__tol': 0.041821644626507753}",randomized,63.00397539138794,100,0.6300397539138793,2.6649532318115234,88.48592337147325
svm_rbf,filter,"{'preprocessing__cat__oh__min_frequency': 0.005067687245650943, 'regression__C': 71.0411544538531, 'regression__epsilon': 0.26633253593242695, 'regression__tol': 0.041821644626507753}",randomized,67.57193088531494,100,0.6757193088531495,3.0770490169525146,88.40458104489666
svm_rbf,wrapper,"{'preprocessing__cat__oh__min_frequency': 0.005067687245650943, 'regression__C': 71.0411544538531, 'regression__epsilon': 0.26633253593242695, 'regression__tol': 0.041821644626507753}",randomized,64.81695699691772,100,0.6481695699691773,2.79060959815979,90.88068235544974
svm_rbf,no_selection,"{'preprocessing__cat__oh__min_frequency': 0.005067687245650943, 'regression__C': 71.0411544538531, 'regression__epsilon': 0.26633253593242695, 'regression__tol': 0.041821644626507753}",randomized,681.3171155452728,100,6.8131711554527286,8.784799814224243,93.42802891084526
