{"feature_subset": "filter", "hyperparameters": {"regression__iterations": 200, "regression__l2_leaf_reg": 5.637922884126309, "regression__learning_rate": 0.04893017698331533, "regression__max_depth": 8, "regression__random_strength": 2.0}, "training_time": 3.180443525314331, "avg_training_score": 82.17582430193673, "validation_time": 0.023774147033691406, "validation_score": 81.60903130606145, "model_name": "catboost", "test_time": 7.462489128112793}